{
  "mean": [
    0.6621203422546387,
    0.6621203422546387,
    0.6621203422546387
  ],
  "std": [
    0.4673367440700531,
    0.4673367440700531,
    0.4673367440700531
  ],
  "counts": {
    "train": {
      "open": 1358,
      "short": 1046,
      "mousebite": 1387,
      "spur": 1108,
      "spurious_copper": 1028,
      "pin_hole": 1045
    },
    "val": {
      "open": 294,
      "short": 224,
      "mousebite": 288,
      "spur": 249,
      "spurious_copper": 224,
      "pin_hole": 229
    },
    "test": {
      "open": 286,
      "short": 233,
      "mousebite": 283,
      "spur": 261,
      "spurious_copper": 216,
      "pin_hole": 217
    }
  },
  "classes": [
    "open",
    "short",
    "mousebite",
    "spur",
    "spurious_copper",
    "pin_hole"
  ]
}