{
    "metrics/precision_B": 0.3997071777122618,
    "metrics/recall_B": 0.31759434661179237,
    "metrics/mAP50_B": 0.3083499464589493,
    "metrics/mAP50-95_B": 0.1039492880130441,
    "fitness": 0.1039492880130441
}