{
    "metrics/precision_B": 0.011516265397786392,
    "metrics/recall_B": 0.4712567898016727,
    "metrics/mAP50_B": 0.07843420247245432,
    "metrics/mAP50-95_B": 0.023800318841915382,
    "fitness": 0.023800318841915382
}